word,translation,transcription,meaning,synonyms,example
fascinating,очаровательный,/ˈfæsɪneɪtɪŋ/,extremely interesting or captivating,captivating | intriguing | enchanting,"The book offers a fascinating glimpse into the lives of penguins. 
 His stories about his travels are absolutely fascinating. 
 She found the lecture on ancient civilizations fascinating."
surge,всплеск,/sɜːrdʒ/,"a sudden powerful forward or upward movement, especially by a crowd or by a natural force such as the tide",increase | rise | upsurge,"There was a sudden surge in the demand for electric vehicles. 
 The crowd surged forward when the doors opened. 
 After the lockdown, there was a surge of people visiting the beach."
the sniffles,насморк,/snɪfəlz/,a slight or mild cold with a running nose,cold | runny nose,"I think I might be coming down with the sniffles. 
 She had the sniffles and stayed home to rest. 
 With the changing seasons, many people get the sniffles."
apprentice,"ученик, подмастерье",/əˈprɛntɪs/,"a person who is learning a trade from a skilled employer, having agreed to work for a fixed period at low wages",trainee | learner | novice,"The young apprentice quickly learned the tricks of the trade. 
 As an apprentice, she spent several years mastering her craft. 
 The carpenter’s apprentice worked diligently to improve his skills."
venture,осмелиться,/ˈvɛntʃər/,dare to do something or go somewhere that may be dangerous or unpleasant,dare | risk | attempt,"She decided to venture into the forest despite the warnings. 
 Few dared to venture down the dangerous path. 
 We ventured to ask for help, even though we were shy."
